<xml xmlns="http://www.w3.org/1999/xhtml">
  <block type="onfirstboot" id="onfirstboot" x="325" y="86">
    <next>
      <block type="runcommand" id="MBf,AXS[B:A7qPhgGlma">
        <field name="1">apt-get update</field>
        <field name="2">root</field>
        <next>
          <block type="runcommand" id="IHWrQ,x@#S8f|tm~B|gj">
            <field name="1">apt-get upgrade -y</field>
            <field name="2">root</field>
            <next>
              <block type="packageinstall" id="iZKgn.xE%G_{dG|Iat8^">
                <field name="1">python-pip</field>
                <next>
                  <block type="packageinstall" id="|aHfPlNqMj[8tM_45iXd">
                    <field name="1">python3-pip</field>
                    <next>
                      <block type="packageinstall" id="M-!tfTtT/pvC*e8CvX#:">
                        <field name="1">pptp-linux</field>
                        <next>
                          <block type="runcommand" id="Dmu8cpu4pu}Bfc?^}oS?">
                            <field name="1">echo "pty \""pptp 192.168.30.10 --nolaunchpppd --debug\""" &gt;&gt; /etc/ppp/peers/SamAD</field>
                            <field name="2">root</field>
                            <next>
                              <block type="runcommand" id="!,3#wZaB2Enk*NI#XFn[">
                                <field name="1">echo "name testPI" &gt;&gt; /etc/ppp/peers/SamAD</field>
                                <field name="2">root</field>
                                <next>
                                  <block type="runcommand" id="tuL5|+U^]v.FB4TzGoi]">
                                    <field name="1">echo "password Raspberry1" &gt;&gt; /etc/ppp/peers/SamAD</field>
                                    <field name="2">root</field>
                                    <next>
                                      <block type="runcommand" id="*`|B#@ti_ACIri00p*,B">
                                        <field name="1">echo "remotename PPTP" &gt;&gt; /etc/ppp/peers/SamAD</field>
                                        <field name="2">root</field>
                                        <next>
                                          <block type="runcommand" id="Km(ElNg!9v-P3l/e4y6i">
                                            <field name="1">echo "require-mppe-128" &gt;&gt; /etc/ppp/peers/SamAD</field>
                                            <field name="2">root</field>
                                            <next>
                                              <block type="runcommand" id="SWaQn%t-%{i3Zlh7}s9{">
                                                <field name="1">echo "require-mschap-v2" &gt;&gt; /etc/ppp/peers/SamAD</field>
                                                <field name="2">root</field>
                                                <next>
                                                  <block type="runcommand" id="5c~P0)gUnMfja}iCsL2)">
                                                    <field name="1">echo "refuse-eap" &gt;&gt; /etc/ppp/peers/SamAD</field>
                                                    <field name="2">root</field>
                                                    <next>
                                                      <block type="runcommand" id="M]ifL.Th{E4GLkeG,c^~">
                                                        <field name="1">echo "refuse-pap" &gt;&gt; /etc/ppp/peers/SamAD</field>
                                                        <field name="2">root</field>
                                                        <next>
                                                          <block type="runcommand" id="xa]F:BOAvD0DF1Sxaix_">
                                                            <field name="1">echo "refuse-chap" &gt;&gt; /etc/ppp/peers/SamAD</field>
                                                            <field name="2">root</field>
                                                            <next>
                                                            <block type="runcommand" id="XFHC.5w|j:[_6j7t:w(j">
                                                            <field name="1">echo "refuse-mschap" &gt;&gt; /etc/ppp/peers/SamAD</field>
                                                            <field name="2">root</field>
                                                            <next>
                                                            <block type="runcommand" id="8:)WZne7Xs@1z3;I#I^V">
                                                            <field name="1">echo "noauth" &gt;&gt; /etc/ppp/peers/SamAD</field>
                                                            <field name="2">root</field>
                                                            <next>
                                                            <block type="runcommand" id="j=/l-IKue~hgDMO_U;I1">
                                                            <field name="1">echo "debug" &gt;&gt; /etc/ppp/peers/SamAD</field>
                                                            <field name="2">root</field>
                                                            <next>
                                                            <block type="runcommand" id="kopS%5dM5I~4QhFQUvwX">
                                                            <field name="1">echo "persist" &gt;&gt; /etc/ppp/peers/SamAD</field>
                                                            <field name="2">root</field>
                                                            <next>
                                                            <block type="runcommand" id="LhN#3Q9ntBf8Ss=aP:v-">
                                                            <field name="1">echo "maxfail 0" &gt;&gt; /etc/ppp/peers/SamAD</field>
                                                            <field name="2">root</field>
                                                            <next>
                                                            <block type="runcommand" id="]z(TU5fl~r81|n~/B)Rk">
                                                            <field name="1">echo "defaultroute" &gt;&gt; /etc/ppp/peers/SamAD</field>
                                                            <field name="2">root</field>
                                                            <next>
                                                            <block type="runcommand" id="0)0Djp@-Y2;*vuxNHlc]">
                                                            <field name="1">echo "replacedefaultroute" &gt;&gt; /etc/ppp/peers/SamAD</field>
                                                            <field name="2">root</field>
                                                            <next>
                                                            <block type="runcommand" id="{I*}i7P]M7Fd/GapHf!s">
                                                            <field name="1">echo "usepeerdns" &gt;&gt; /etc/ppp/peers/SamAD</field>
                                                            <field name="2">root</field>
                                                            <next>
                                                            <block type="runcommand" id="OD{;QDIO39.5J]^]^5yx">
                                                            <field name="1">pip3 install pexpect</field>
                                                            <field name="2">pi</field>
                                                            <next>
                                                            <block type="runcommand" id="tlmJ=LNTYI.DJ;e60xQ_">
                                                            <field name="1">pip3 install pexpect-serial</field>
                                                            <field name="2">pi</field>
                                                            <next>
                                                            <block type="runcommand" id="~/5]+Ijzm9E}APb,+Yxj">
                                                            <field name="1">pip3 install pyserial</field>
                                                            <field name="2">pi</field>
                                                            <next>
                                                            <block type="runcommand" id=",[l}{~F@:}k1_Y,IEr90">
                                                            <field name="1">pip install pexpect</field>
                                                            <field name="2">pi</field>
                                                            <next>
                                                            <block type="runcommand" id="F9O4{*ACM.WC~XN1BKwk">
                                                            <field name="1">pip install pyserial</field>
                                                            <field name="2">pi</field>
                                                            <next>
                                                            <block type="downloadfile" id=";mQ^OZ%vW#m]*A),h^Z:">
                                                            <field name="1">http://syslogsnapper.ad.sam.com/Scripts.zip</field>
                                                            <field name="2">/home/pi/</field>
                                                            <next>
                                                            <block type="runcommand" id="240e?{iYGQ=;C}RN}^mB">
                                                            <field name="1">unzip Scripts.zip</field>
                                                            <field name="2">pi</field>
                                                            <next>
                                                            <block type="runcommand" id="N3DJ~x~zJ/Xr_~5ltF/8">
                                                            <field name="1">mkdir Configs</field>
                                                            <field name="2">pi</field>
                                                            <next>
                                                            <block type="runcommand" id="br7``969foEO455Swbia">
                                                            <field name="1">chmod +x /home/pi/SetScripts.sh</field>
                                                            <field name="2">root</field>
                                                            <next>
                                                            <block type="runcommand" id="pO)Ajm.a3AE.K51Jwy2x">
                                                            <field name="1">./home/pi/SetScripts.sh</field>
                                                            <field name="2">root</field>
                                                            <next>
                                                            <block type="sethostname" id="th^x=AooVw;fEj55Xv5Q">
                                                            <field name="1">PIVpnBuild</field>
                                                            <next>
                                                            <block type="changepass" id="zU]5sL5n7;O7NcCIq`}?">
                                                            <field name="1">test</field>
                                                            <next>
                                                            <block type="authorizekey" id="bHpa2s}L.ZL%3ry0iYHo">
                                                            <field name="1">ssh-rsa public key</field>
                                                            <field name="2">pi</field>
                                                            <next>
                                                            <block type="reboot" id="/8Tn7K7~q=NR?4~wp(]x"/>
                                                            </next>
                                                            </block>
                                                            </next>
                                                            </block>
                                                            </next>
                                                            </block>
                                                            </next>
                                                            </block>
                                                            </next>
                                                            </block>
                                                            </next>
                                                            </block>
                                                            </next>
                                                            </block>
                                                            </next>
                                                            </block>
                                                            </next>
                                                            </block>
                                                            </next>
                                                            </block>
                                                            </next>
                                                            </block>
                                                            </next>
                                                            </block>
                                                            </next>
                                                            </block>
                                                            </next>
                                                            </block>
                                                            </next>
                                                            </block>
                                                            </next>
                                                            </block>
                                                            </next>
                                                            </block>
                                                            </next>
                                                            </block>
                                                            </next>
                                                            </block>
                                                            </next>
                                                            </block>
                                                            </next>
                                                            </block>
                                                            </next>
                                                          </block>
                                                        </next>
                                                      </block>
                                                    </next>
                                                  </block>
                                                </next>
                                              </block>
                                            </next>
                                          </block>
                                        </next>
                                      </block>
                                    </next>
                                  </block>
                                </next>
                              </block>
                            </next>
                          </block>
                        </next>
                      </block>
                    </next>
                  </block>
                </next>
              </block>
            </next>
          </block>
        </next>
      </block>
    </next>
  </block>
  <block type="onboot" id="xg0=4@9=oxE0_8BZ%MXW" x="1210" y="75">
    <next>
      <block type="runcommand" id="JO.8PQ)Q7]3l]U311WJa">
        <field name="1">chmod 666 /dev/ttyUSB0</field>
        <field name="2">root</field>
        <next>
          <block type="runcommand" id="]%2=Py:q?%(iK(pAecL7">
            <field name="1">pon SamAD</field>
            <field name="2">root</field>
          </block>
        </next>
      </block>
    </next>
  </block>
</xml>